{
  "bleu": 0.12197927323381816,
  "rouge1": 0.5119300924120648,
  "rougeL": 0.3084871989164203,
  "bertscore_f1": 0.8739876747131348
}